{"cameraMode":{"drawMode":0,"name":"Shaded","section":"Shading Mode"},"sceneLighting":false,"audioPlay":false,"sceneViewState":{"m_AlwaysRefresh":false,"showFog":true,"showSkybox":false,"showFlares":true,"showImageEffects":true,"showParticleSystems":true,"showVisualEffectGraphs":true,"m_FxEnabled":true},"in2DMode":false,"pivot":{"x":-2.4109368324279787,"y":0.08045181632041931,"z":-2.3081820011138918},"rotation":{"x":-0.0961747020483017,"y":0.8538786768913269,"z":-0.17025545239448548,"w":-0.48234280943870547},"size":0.36399978399276736,"orthographic":false}