{"cameraMode":{"drawMode":0,"name":"Shaded","section":"Shading Mode"},"sceneLighting":false,"audioPlay":false,"sceneViewState":{"m_AlwaysRefresh":false,"showFog":true,"showSkybox":false,"showFlares":true,"showImageEffects":true,"showParticleSystems":true,"showVisualEffectGraphs":true,"m_FxEnabled":true},"in2DMode":false,"pivot":{"x":-0.22160407900810243,"y":0.009115643799304963,"z":0.09769897162914276},"rotation":{"x":-0.1817162185907364,"y":0.7900815606117249,"z":-0.2788657248020172,"w":-0.5148282051086426},"size":0.32244664430618288,"orthographic":false}