{"cameraMode":{"drawMode":0,"name":"Shaded","section":"Shading Mode"},"sceneLighting":false,"audioPlay":false,"sceneViewState":{"m_AlwaysRefresh":false,"showFog":true,"showSkybox":false,"showFlares":true,"showImageEffects":true,"showParticleSystems":true,"showVisualEffectGraphs":true,"m_FxEnabled":true},"in2DMode":false,"pivot":{"x":-1.3253328800201417,"y":0.00028133392333984375,"z":2.1133666038513185},"rotation":{"x":0.164153054356575,"y":-0.14822261035442353,"z":0.024972135201096536,"w":0.9749466180801392},"size":2.057359457015991,"orthographic":false}