{"cameraMode":{"drawMode":0,"name":"Shaded","section":"Shading Mode"},"sceneLighting":false,"audioPlay":false,"sceneViewState":{"m_AlwaysRefresh":false,"showFog":true,"showSkybox":false,"showFlares":true,"showImageEffects":true,"showParticleSystems":true,"showVisualEffectGraphs":true,"m_FxEnabled":true},"in2DMode":false,"pivot":{"x":-1.9551212787628174,"y":0.35099995136260989,"z":0.4416266679763794},"rotation":{"x":0.385210245847702,"y":-0.41008687019348147,"z":0.19673697650432588,"w":0.8029534220695496},"size":2.5041329860687258,"orthographic":false}