{"cameraMode":{"drawMode":0,"name":"Shaded","section":"Shading Mode"},"sceneLighting":false,"audioPlay":false,"sceneViewState":{"m_AlwaysRefresh":false,"showFog":true,"showSkybox":false,"showFlares":true,"showImageEffects":true,"showParticleSystems":true,"showVisualEffectGraphs":true,"m_FxEnabled":true},"in2DMode":false,"pivot":{"x":1.9180245399475098,"y":-7.152134895324707,"z":-12.062823295593262},"rotation":{"x":0.0004993781913071871,"y":-0.9606682062149048,"z":0.27769845724105837,"w":0.0017262054607272149},"size":1.7405580282211304,"orthographic":false}