{"cameraMode":{"drawMode":0,"name":"Shaded","section":"Shading Mode"},"sceneLighting":true,"audioPlay":false,"sceneViewState":{"m_AlwaysRefresh":false,"showFog":true,"showSkybox":false,"showFlares":true,"showImageEffects":true,"showParticleSystems":true,"showVisualEffectGraphs":true,"m_FxEnabled":true},"in2DMode":false,"pivot":{"x":0.36139917373657229,"y":1.2145875692367554,"z":-0.21611124277114869},"rotation":{"x":0.24241821467876435,"y":-0.4760369658470154,"z":0.13840511441230775,"w":0.8339740037918091},"size":0.7347442507743836,"orthographic":false}