{"cameraMode":{"drawMode":0,"name":"Shaded","section":"Shading Mode"},"sceneLighting":false,"audioPlay":false,"sceneViewState":{"m_AlwaysRefresh":false,"showFog":true,"showSkybox":false,"showFlares":true,"showImageEffects":true,"showParticleSystems":true,"showVisualEffectGraphs":true,"m_FxEnabled":true},"in2DMode":false,"pivot":{"x":-8.343548774719239,"y":0.8557500839233398,"z":-3.097649097442627},"rotation":{"x":0.034898027777671817,"y":0.9592440724372864,"z":-0.13645267486572267,"w":0.24510754644870759},"size":5.476785182952881,"orthographic":false}