{"cameraMode":{"drawMode":0,"name":"Shaded","section":"Shading Mode"},"sceneLighting":false,"audioPlay":false,"sceneViewState":{"m_AlwaysRefresh":false,"showFog":true,"showSkybox":false,"showFlares":true,"showImageEffects":true,"showParticleSystems":true,"showVisualEffectGraphs":true,"m_FxEnabled":true},"in2DMode":false,"pivot":{"x":-0.026114225387573243,"y":0.7625341415405273,"z":-2.75459361076355},"rotation":{"x":-0.13471144437789918,"y":-0.7126421928405762,"z":0.1425294578075409,"w":-0.6735485196113586},"size":0.46892306208610537,"orthographic":true}