{"cameraMode":{"drawMode":0,"name":"Shaded","section":"Shading Mode"},"sceneLighting":false,"audioPlay":false,"sceneViewState":{"m_AlwaysRefresh":false,"showFog":true,"showSkybox":false,"showFlares":true,"showImageEffects":true,"showParticleSystems":true,"showVisualEffectGraphs":true,"m_FxEnabled":true},"in2DMode":false,"pivot":{"x":-1.0396177768707276,"y":-0.4140327572822571,"z":-0.011946678161621094},"rotation":{"x":0.010437590070068837,"y":-0.9430149793624878,"z":0.029714735224843026,"w":0.3312428891658783},"size":0.8660253882408142,"orthographic":true}