{"cameraMode":{"drawMode":0,"name":"Shaded","section":"Shading Mode"},"sceneLighting":false,"audioPlay":false,"sceneViewState":{"m_AlwaysRefresh":false,"showFog":true,"showSkybox":false,"showFlares":true,"showImageEffects":true,"showParticleSystems":true,"showVisualEffectGraphs":true,"m_FxEnabled":true},"in2DMode":false,"pivot":{"x":-2.9453842639923097,"y":0.5670688152313232,"z":-4.920568466186523},"rotation":{"x":-0.017148641869425775,"y":-0.8974029421806336,"z":-0.035016462206840518,"w":0.4394853115081787},"size":0.8674052357673645,"orthographic":true}