{"cameraMode":{"drawMode":0,"name":"Shaded","section":"Shading Mode"},"sceneLighting":false,"audioPlay":false,"sceneViewState":{"m_AlwaysRefresh":false,"showFog":true,"showSkybox":false,"showFlares":true,"showImageEffects":true,"showParticleSystems":true,"showVisualEffectGraphs":true,"m_FxEnabled":true},"in2DMode":false,"pivot":{"x":0.49330633878707888,"y":0.6485703587532044,"z":-4.518016338348389},"rotation":{"x":-0.00030965538462623954,"y":-0.9933999180793762,"z":0.11464447528123856,"w":-0.00268571637570858},"size":1.5339746475219727,"orthographic":false}