{"cameraMode":{"drawMode":0,"name":"Shaded","section":"Shading Mode"},"sceneLighting":false,"audioPlay":false,"sceneViewState":{"m_AlwaysRefresh":false,"showFog":true,"showSkybox":false,"showFlares":true,"showImageEffects":true,"showParticleSystems":true,"showVisualEffectGraphs":true,"m_FxEnabled":true},"in2DMode":false,"pivot":{"x":5.182886600494385,"y":-5.431267261505127,"z":-17.890317916870118},"rotation":{"x":-0.0003957213193643838,"y":-0.9993590712547302,"z":0.03388889133930206,"w":-0.011696281842887402},"size":0.22123432159423829,"orthographic":false}