{"cameraMode":{"drawMode":0,"name":"Shaded","section":"Shading Mode"},"sceneLighting":false,"audioPlay":false,"sceneViewState":{"m_AlwaysRefresh":false,"showFog":true,"showSkybox":false,"showFlares":true,"showImageEffects":true,"showParticleSystems":true,"showVisualEffectGraphs":true,"m_FxEnabled":true},"in2DMode":false,"pivot":{"x":3.089603900909424,"y":-5.156839847564697,"z":-14.446661949157715},"rotation":{"x":-0.0003957213193643838,"y":-0.9993590712547302,"z":0.03388889133930206,"w":-0.011696281842887402},"size":0.2369595617055893,"orthographic":false}