{"cameraMode":{"drawMode":0,"name":"Shaded","section":"Shading Mode"},"sceneLighting":true,"audioPlay":false,"sceneViewState":{"m_AlwaysRefresh":false,"showFog":true,"showSkybox":false,"showFlares":true,"showImageEffects":true,"showParticleSystems":true,"showVisualEffectGraphs":true,"m_FxEnabled":true},"in2DMode":false,"pivot":{"x":-17.719144821166993,"y":-3.6463985443115236,"z":-0.18789100646972657},"rotation":{"x":-0.0791938379406929,"y":0.8625271916389465,"z":-0.14256559312343598,"w":-0.4790823757648468},"size":15.835394859313965,"orthographic":false}